,Year,Avg Temperature (°C),Sea Level Rise (mm),Rainfall (mm),Population,Renewable Energy (%),Extreme Weather Events,Forest Area (%),CO2 Emissions (Tons/Capita)
count,340.0,340.0,340.0,340.0,340.0,340.0,340.0,340.0,340.0
mean,2011.5588235294117,19.86161764705882,3.028911764705882,1707.6556764705883,694132726.9209117,27.561823529411765,7.346323529411765,40.77805882352941,10.488147058823529
std,7.022892093795593,5.96512752110552,0.8015694364888801,505.6932876986156,287583932.7626345,9.154404273839138,2.9779346371738153,12.477275310362069,4.039351247834689
min,2000.0,5.1,1.1,557.0,30190953.0,5.65,0.0,11.2,0.8
25%,2005.0,16.15,2.53,1386.0,512187370.99,21.28,5.3950000000000005,33.9975,7.8
50%,2012.0,19.945,3.0149999999999997,1687.0,713228444.335,26.695,7.45,40.54,10.59
75%,2018.0,23.53,3.55,2044.9,894033106.7075,33.225,9.27,49.625,13.0
max,2023.0,34.8,4.9,2989.0,1328981569.0,50.0,14.0,68.3,19.9
