Feature,Mean,Standard Deviation
Year,2010.5,6.419099524830365
Avg Temperature (°C),19.774064516129034,6.042926464379836
Rainfall (mm),1706.3480322580644,509.4197050632937
Population,686246148.2133226,292949283.34479475
Renewable Energy (%),27.710193548387096,9.248251515371502
Extreme Weather Events,7.351903225806451,2.9959730914726697
Forest Area (%),40.99400000000001,12.627656263522436
Country_Code,7.029032258064516,4.289799871141227
