{
    "training": {
        "MAE": 1.4883624080534905,
        "MSE": 3.3887775914656144,
        "RMSE": 1.8408632734305974,
        "R\u00b2": 0.7999443480295065
    },
    "testing": {
        "MAE": 3.0387581202189127,
        "MSE": 13.24925334662109,
        "RMSE": 3.6399523824661624,
        "R\u00b2": -0.721635139350574
    }
}