{
    "training": {
        "MAE": 1.5728855376397413,
        "MSE": 3.8610266014504533,
        "RMSE": 1.9649495162600115,
        "R\u00b2": 0.7720652438289628
    },
    "testing": {
        "MAE": 2.9774469280242917,
        "MSE": 12.746108046968656,
        "RMSE": 3.570169190244162,
        "R\u00b2": -0.6562554077220277
    }
}