{
    "training": {
        "MAE": 2.7645327452382733,
        "MSE": 11.962531103884034,
        "RMSE": 3.458689217591548,
        "R\u00b2": 0.2937949173082782
    },
    "testing": {
        "MAE": 2.4807185071309403,
        "MSE": 9.790242556717425,
        "RMSE": 3.128936329923865,
        "R\u00b2": -0.272164186724428
    }
}